code_departement,nom,voix
01,ARTHAUD,1658
02,ARTHAUD,2038
03,ARTHAUD,1359
04,ARTHAUD,505
05,ARTHAUD,428
06,ARTHAUD,1627
07,ARTHAUD,1219
08,ARTHAUD,1081
09,ARTHAUD,417
10,ARTHAUD,1005
11,ARTHAUD,1026
12,ARTHAUD,894
13,ARTHAUD,3578
14,ARTHAUD,2757
15,ARTHAUD,555
16,ARTHAUD,1319
17,ARTHAUD,2330
18,ARTHAUD,1304
19,ARTHAUD,885
2A,ARTHAUD,197
2B,ARTHAUD,257
21,ARTHAUD,1775
22,ARTHAUD,2603
23,ARTHAUD,490
24,ARTHAUD,1294
25,ARTHAUD,2069
26,ARTHAUD,2041
27,ARTHAUD,2197
28,ARTHAUD,1419
29,ARTHAUD,3627
30,ARTHAUD,1768
31,ARTHAUD,3006
32,ARTHAUD,529
33,ARTHAUD,3679
34,ARTHAUD,2580
35,ARTHAUD,3783
36,ARTHAUD,1085
37,ARTHAUD,2243
38,ARTHAUD,3479
39,ARTHAUD,1053
40,ARTHAUD,1115
41,ARTHAUD,1246
42,ARTHAUD,2390
43,ARTHAUD,1020
44,ARTHAUD,4712
45,ARTHAUD,1959
46,ARTHAUD,618
47,ARTHAUD,889
48,ARTHAUD,235
49,ARTHAUD,3071
50,ARTHAUD,2249
51,ARTHAUD,1778
52,ARTHAUD,696
53,ARTHAUD,1273
54,ARTHAUD,2373
55,ARTHAUD,702
56,ARTHAUD,2952
57,ARTHAUD,3499
58,ARTHAUD,833
59,ARTHAUD,7673
60,ARTHAUD,2859
61,ARTHAUD,1203
62,ARTHAUD,5887
63,ARTHAUD,2556
64,ARTHAUD,1677
65,ARTHAUD,636
66,ARTHAUD,1312
67,ARTHAUD,3687
68,ARTHAUD,2265
69,ARTHAUD,3774
70,ARTHAUD,1171
71,ARTHAUD,1979
72,ARTHAUD,2150
73,ARTHAUD,1205
74,ARTHAUD,1880
75,ARTHAUD,2891
76,ARTHAUD,4433
77,ARTHAUD,3440
78,ARTHAUD,2774
79,ARTHAUD,1644
80,ARTHAUD,2486
81,ARTHAUD,1175
82,ARTHAUD,679
83,ARTHAUD,2098
84,ARTHAUD,1221
85,ARTHAUD,2647
86,ARTHAUD,1715
87,ARTHAUD,1457
88,ARTHAUD,1569
89,ARTHAUD,1203
90,ARTHAUD,560
91,ARTHAUD,2831
92,ARTHAUD,2306
93,ARTHAUD,2756
94,ARTHAUD,2504
95,ARTHAUD,2392
971,ARTHAUD,1084
972,ARTHAUD,1447
973,ARTHAUD,297
974,ARTHAUD,3538
976,ARTHAUD,430
988,ARTHAUD,565
987,ARTHAUD,808
975,ARTHAUD,22
986,ARTHAUD,98
977_978,ARTHAUD,41
fr_etranger,ARTHAUD,1300
01,ROUSSEL,5938
02,ROUSSEL,5968
03,ROUSSEL,8119
04,ROUSSEL,2721
05,ROUSSEL,1925
06,ROUSSEL,8858
07,ROUSSEL,5710
08,ROUSSEL,3009
09,ROUSSEL,2701
10,ROUSSEL,3094
11,ROUSSEL,5622
12,ROUSSEL,4515
13,ROUSSEL,24295
14,ROUSSEL,8777
15,ROUSSEL,2496
16,ROUSSEL,5374
17,ROUSSEL,10002
18,ROUSSEL,5749
19,ROUSSEL,6292
2A,ROUSSEL,1850
2B,ROUSSEL,2687
21,ROUSSEL,5721
22,ROUSSEL,11628
23,ROUSSEL,2430
24,ROUSSEL,8855
25,ROUSSEL,5001
26,ROUSSEL,6752
27,ROUSSEL,7056
28,ROUSSEL,4267
29,ROUSSEL,15340
30,ROUSSEL,12123
31,ROUSSEL,16307
32,ROUSSEL,3128
33,ROUSSEL,21522
34,ROUSSEL,14165
35,ROUSSEL,12696
36,ROUSSEL,3702
37,ROUSSEL,7835
38,ROUSSEL,14694
39,ROUSSEL,3166
40,ROUSSEL,8176
41,ROUSSEL,4507
42,ROUSSEL,9017
43,ROUSSEL,3493
44,ROUSSEL,18322
45,ROUSSEL,7530
46,ROUSSEL,3559
47,ROUSSEL,4970
48,ROUSSEL,1343
49,ROUSSEL,8362
50,ROUSSEL,7368
51,ROUSSEL,5307
52,ROUSSEL,1833
53,ROUSSEL,3313
54,ROUSSEL,7961
55,ROUSSEL,1957
56,ROUSSEL,11529
57,ROUSSEL,8750
58,ROUSSEL,4281
59,ROUSSEL,45902
60,ROUSSEL,9054
61,ROUSSEL,3261
62,ROUSSEL,26146
63,ROUSSEL,12713
64,ROUSSEL,10170
65,ROUSSEL,4539
66,ROUSSEL,6509
67,ROUSSEL,7015
68,ROUSSEL,4649
69,ROUSSEL,15938
70,ROUSSEL,2836
71,ROUSSEL,7419
72,ROUSSEL,6908
73,ROUSSEL,5536
74,ROUSSEL,5997
75,ROUSSEL,17267
76,ROUSSEL,19896
77,ROUSSEL,12843
78,ROUSSEL,11721
79,ROUSSEL,4538
80,ROUSSEL,7706
81,ROUSSEL,5313
82,ROUSSEL,3628
83,ROUSSEL,10672
84,ROUSSEL,6247
85,ROUSSEL,8153
86,ROUSSEL,6412
87,ROUSSEL,8030
88,ROUSSEL,3847
89,ROUSSEL,4023
90,ROUSSEL,1485
91,ROUSSEL,13480
92,ROUSSEL,13170
93,ROUSSEL,11642
94,ROUSSEL,14954
95,ROUSSEL,10060
971,ROUSSEL,668
972,ROUSSEL,747
973,ROUSSEL,246
974,ROUSSEL,3074
976,ROUSSEL,206
988,ROUSSEL,399
987,ROUSSEL,368
975,ROUSSEL,19
986,ROUSSEL,34
977_978,ROUSSEL,48
fr_etranger,ROUSSEL,3266
01,MACRON,92206
02,MACRON,58721
03,MACRON,49706
04,MACRON,20800
05,MACRON,20507
06,MACRON,139707
07,MACRON,45353
08,MACRON,31656
09,MACRON,18071
10,MACRON,38321
11,MACRON,43104
12,MACRON,47430
13,MACRON,229038
14,MACRON,120366
15,MACRON,25038
16,MACRON,53126
17,MACRON,113753
18,MACRON,43497
19,MACRON,33125
2A,MACRON,12932
2B,MACRON,13773
21,MACRON,80734
22,MACRON,113656
23,MACRON,15542
24,MACRON,58532
25,MACRON,76338
26,MACRON,72228
27,MACRON,83058
28,MACRON,59869
29,MACRON,174894
30,MACRON,88278
31,MACRON,196712
32,MACRON,28970
33,MACRON,256179
34,MACRON,142306
35,MACRON,205882
36,MACRON,31498
37,MACRON,101503
38,MACRON,180533
39,MACRON,36139
40,MACRON,69459
41,MACRON,50480
42,MACRON,104003
43,MACRON,32417
44,MACRON,256609
45,MACRON,97004
46,MACRON,27311
47,MACRON,42568
48,MACRON,10739
49,MACRON,157063
50,MACRON,92642
51,MACRON,78472
52,MACRON,21886
53,MACRON,60755
54,MACRON,95252
55,MACRON,24539
56,MACRON,152740
57,MACRON,136366
58,MACRON,28686
59,MACRON,336138
60,MACRON,100043
61,MACRON,46005
62,MACRON,194610
63,MACRON,100134
64,MACRON,111610
65,MACRON,33692
66,MACRON,55169
67,MACRON,177069
68,MACRON,107248
69,MACRON,278243
70,MACRON,30204
71,MACRON,82633
72,MACRON,83876
73,MACRON,64689
74,MACRON,130422
75,MACRON,372820
76,MACRON,179698
77,MACRON,165208
78,MACRON,246062
79,MACRON,68446
80,MACRON,83107
81,MACRON,53925
82,MACRON,31737
83,MACRON,142335
84,MACRON,66885
85,MACRON,149587
86,MACRON,67831
87,MACRON,54951
88,MACRON,51432
89,MACRON,42617
90,MACRON,16768
91,MACRON,164503
92,MACRON,287494
93,MACRON,110118
94,MACRON,171409
95,MACRON,138166
971,MACRON,18137
972,MACRON,20043
973,MACRON,5101
974,MACRON,62542
976,MACRON,5936
988,MACRON,28561
987,MACRON,24106
975,MACRON,534
986,MACRON,2115
977_978,MACRON,2070
fr_etranger,MACRON,224957
01,LASSALLE,10876
02,LASSALLE,6468
03,LASSALLE,7782
04,LASSALLE,4309
05,LASSALLE,3871
06,LASSALLE,12767
07,LASSALLE,9033
08,LASSALLE,4084
09,LASSALLE,7532
10,LASSALLE,3787
11,LASSALLE,12382
12,LASSALLE,14825
13,LASSALLE,24256
14,LASSALLE,9816
15,LASSALLE,6848
16,LASSALLE,8482
17,LASSALLE,14335
18,LASSALLE,5495
19,LASSALLE,10177
2A,LASSALLE,6729
2B,LASSALLE,8601
21,LASSALLE,8183
22,LASSALLE,11949
23,LASSALLE,4275
24,LASSALLE,15850
25,LASSALLE,8688
26,LASSALLE,9945
27,LASSALLE,7768
28,LASSALLE,5694
29,LASSALLE,18320
30,LASSALLE,15162
31,LASSALLE,35479
32,LASSALLE,11720
33,LASSALLE,37725
34,LASSALLE,22068
35,LASSALLE,13985
36,LASSALLE,4984
37,LASSALLE,8520
38,LASSALLE,17025
39,LASSALLE,6218
40,LASSALLE,24308
41,LASSALLE,5483
42,LASSALLE,11928
43,LASSALLE,7817
44,LASSALLE,18298
45,LASSALLE,8483
46,LASSALLE,8032
47,LASSALLE,13600
48,LASSALLE,4722
49,LASSALLE,11036
50,LASSALLE,9421
51,LASSALLE,6921
52,LASSALLE,3327
53,LASSALLE,4673
54,LASSALLE,8739
55,LASSALLE,3500
56,LASSALLE,14399
57,LASSALLE,14163
58,LASSALLE,4106
59,LASSALLE,22459
60,LASSALLE,9179
61,LASSALLE,4895
62,LASSALLE,17010
63,LASSALLE,16136
64,LASSALLE,48246
65,LASSALLE,14761
66,LASSALLE,11690
67,LASSALLE,14652
68,LASSALLE,11063
69,LASSALLE,17572
70,LASSALLE,4820
71,LASSALLE,10186
72,LASSALLE,7546
73,LASSALLE,8081
74,LASSALLE,13371
75,LASSALLE,12139
76,LASSALLE,13588
77,LASSALLE,13797
78,LASSALLE,13687
79,LASSALLE,7014
80,LASSALLE,7371
81,LASSALLE,17010
82,LASSALLE,9573
83,LASSALLE,17784
84,LASSALLE,9843
85,LASSALLE,13039
86,LASSALLE,7741
87,LASSALLE,9973
88,LASSALLE,7203
89,LASSALLE,5356
90,LASSALLE,2000
91,LASSALLE,11610
92,LASSALLE,11260
93,LASSALLE,6805
94,LASSALLE,8944
95,LASSALLE,9101
971,LASSALLE,1033
972,LASSALLE,1162
973,LASSALLE,516
974,LASSALLE,4844
976,LASSALLE,359
988,LASSALLE,1031
987,LASSALLE,610
975,LASSALLE,108
986,LASSALLE,78
977_978,LASSALLE,208
fr_etranger,LASSALLE,5964
01,LE PEN,86755
02,LE PEN,104342
03,LE PEN,50315
04,LE PEN,26010
05,LE PEN,19696
06,LE PEN,148919
07,LE PEN,49594
08,LE PEN,48242
09,LE PEN,21958
10,LE PEN,49316
11,LE PEN,64027
12,LE PEN,34357
13,LE PEN,264753
14,LE PEN,91774
15,LE PEN,21570
16,LE PEN,50432
17,LE PEN,99790
18,LE PEN,44772
19,LE PEN,31658
2A,LE PEN,20139
2B,LE PEN,21998
21,LE PEN,69110
22,LE PEN,79850
23,LE PEN,16772
24,LE PEN,63327
25,LE PEN,66703
26,LE PEN,70574
27,LE PEN,102952
28,LE PEN,61960
29,LE PEN,100890
30,LE PEN,121480
31,LE PEN,133254
32,LE PEN,26015
33,LE PEN,191542
34,LE PEN,165734
35,LE PEN,101797
36,LE PEN,34516
37,LE PEN,70553
38,LE PEN,154799
39,LE PEN,38179
40,LE PEN,58646
41,LE PEN,50212
42,LE PEN,97764
43,LE PEN,38629
44,LE PEN,135702
45,LE PEN,85832
46,LE PEN,21422
47,LE PEN,50290
48,LE PEN,10497
49,LE PEN,89433
50,LE PEN,69770
51,LE PEN,83756
52,LE PEN,34331
53,LE PEN,37376
54,LE PEN,97243
55,LE PEN,34588
56,LE PEN,102856
57,LE PEN,159254
58,LE PEN,32838
59,LE PEN,373127
60,LE PEN,132873
61,LE PEN,41804
62,LE PEN,305816
63,LE PEN,78182
64,LE PEN,69768
65,LE PEN,29938
66,LE PEN,87930
67,LE PEN,145883
68,LE PEN,106937
69,LE PEN,150463
70,LE PEN,46618
71,LE PEN,81970
72,LE PEN,82234
73,LE PEN,56733
74,LE PEN,87744
75,LE PEN,58429
76,LE PEN,177806
77,LE PEN,155738
78,LE PEN,101398
79,LE PEN,47903
80,LE PEN,98024
81,LE PEN,56543
82,LE PEN,42183
83,LE PEN,183287
84,LE PEN,89413
85,LE PEN,97280
86,LE PEN,54214
87,LE PEN,45357
88,LE PEN,65646
89,LE PEN,55164
90,LE PEN,19061
91,LE PEN,105862
92,LE PEN,64812
93,LE PEN,64543
94,LE PEN,69599
95,LE PEN,91081
971,LE PEN,24204
972,LE PEN,16495
973,LE PEN,6334
974,LE PEN,85770
976,LE PEN,14958
988,LE PEN,13273
987,LE PEN,11705
975,LE PEN,459
986,LE PEN,579
977_978,LE PEN,1445
fr_etranger,LE PEN,26380
01,ZEMMOUR,27530
02,ZEMMOUR,18266
03,ZEMMOUR,12361
04,ZEMMOUR,7926
05,ZEMMOUR,6164
06,ZEMMOUR,78208
07,ZEMMOUR,14199
08,ZEMMOUR,8771
09,ZEMMOUR,5821
10,ZEMMOUR,11374
11,ZEMMOUR,18434
12,ZEMMOUR,10112
13,ZEMMOUR,108617
14,ZEMMOUR,22255
15,ZEMMOUR,4906
16,ZEMMOUR,10617
17,ZEMMOUR,24347
18,ZEMMOUR,10822
19,ZEMMOUR,8012
2A,ZEMMOUR,9199
2B,ZEMMOUR,9657
21,ZEMMOUR,21651
22,ZEMMOUR,17319
23,ZEMMOUR,3501
24,ZEMMOUR,15800
25,ZEMMOUR,19486
26,ZEMMOUR,22010
27,ZEMMOUR,20930
28,ZEMMOUR,14803
29,ZEMMOUR,25607
30,ZEMMOUR,38479
31,ZEMMOUR,50613
32,ZEMMOUR,8396
33,ZEMMOUR,58321
34,ZEMMOUR,57751
35,ZEMMOUR,27463
36,ZEMMOUR,7438
37,ZEMMOUR,19931
38,ZEMMOUR,47450
39,ZEMMOUR,9657
40,ZEMMOUR,16817
41,ZEMMOUR,12703
42,ZEMMOUR,28706
43,ZEMMOUR,9529
44,ZEMMOUR,42761
45,ZEMMOUR,22878
46,ZEMMOUR,6123
47,ZEMMOUR,15646
48,ZEMMOUR,3148
49,ZEMMOUR,21704
50,ZEMMOUR,13990
51,ZEMMOUR,19501
52,ZEMMOUR,6450
53,ZEMMOUR,8042
54,ZEMMOUR,23518
55,ZEMMOUR,7347
56,ZEMMOUR,26595
57,ZEMMOUR,39369
58,ZEMMOUR,7378
59,ZEMMOUR,73168
60,ZEMMOUR,30333
61,ZEMMOUR,8910
62,ZEMMOUR,40764
63,ZEMMOUR,20624
64,ZEMMOUR,25877
65,ZEMMOUR,8714
66,ZEMMOUR,24782
67,ZEMMOUR,40458
68,ZEMMOUR,30284
69,ZEMMOUR,74168
70,ZEMMOUR,9675
71,ZEMMOUR,20686
72,ZEMMOUR,16218
73,ZEMMOUR,18045
74,ZEMMOUR,33353
75,ZEMMOUR,86088
76,ZEMMOUR,33361
77,ZEMMOUR,47893
78,ZEMMOUR,64407
79,ZEMMOUR,8803
80,ZEMMOUR,16885
81,ZEMMOUR,15982
82,ZEMMOUR,11772
83,ZEMMOUR,79329
84,ZEMMOUR,30473
85,ZEMMOUR,25663
86,ZEMMOUR,11939
87,ZEMMOUR,10796
88,ZEMMOUR,13184
89,ZEMMOUR,12941
90,ZEMMOUR,5583
91,ZEMMOUR,39284
92,ZEMMOUR,62761
93,ZEMMOUR,27969
94,ZEMMOUR,43430
95,ZEMMOUR,37564
971,ZEMMOUR,3098
972,ZEMMOUR,3153
973,ZEMMOUR,1573
974,ZEMMOUR,13070
976,ZEMMOUR,482
988,ZEMMOUR,6435
987,ZEMMOUR,4283
975,ZEMMOUR,80
986,ZEMMOUR,118
977_978,ZEMMOUR,1107
fr_etranger,ZEMMOUR,43252
01,MÉLENCHON,57832
02,MÉLENCHON,41172
03,MÉLENCHON,31013
04,MÉLENCHON,21856
05,MÉLENCHON,19718
06,MÉLENCHON,92345
07,MÉLENCHON,42837
08,MÉLENCHON,22281
09,MÉLENCHON,23908
10,MÉLENCHON,22483
11,MÉLENCHON,42039
12,MÉLENCHON,32734
13,MÉLENCHON,237971
14,MÉLENCHON,73950
15,MÉLENCHON,12944
16,MÉLENCHON,37305
17,MÉLENCHON,71633
18,MÉLENCHON,27901
19,MÉLENCHON,27731
2A,MÉLENCHON,9330
2B,MÉLENCHON,10368
21,MÉLENCHON,53875
22,MÉLENCHON,74226
23,MÉLENCHON,13679
24,MÉLENCHON,50054
25,MÉLENCHON,55587
26,MÉLENCHON,65258
27,MÉLENCHON,55571
28,MÉLENCHON,40529
29,MÉLENCHON,116591
30,MÉLENCHON,88827
31,MÉLENCHON,188867
32,MÉLENCHON,21353
33,MÉLENCHON,194775
34,MÉLENCHON,154819
35,MÉLENCHON,132510
36,MÉLENCHON,20954
37,MÉLENCHON,68012
38,MÉLENCHON,153474
39,MÉLENCHON,28882
40,MÉLENCHON,44548
41,MÉLENCHON,30377
42,MÉLENCHON,78169
43,MÉLENCHON,24332
44,MÉLENCHON,187977
45,MÉLENCHON,63486
46,MÉLENCHON,25932
47,MÉLENCHON,34044
48,MÉLENCHON,9153
49,MÉLENCHON,80616
50,MÉLENCHON,46940
51,MÉLENCHON,42858
52,MÉLENCHON,13228
53,MÉLENCHON,25608
54,MÉLENCHON,73892
55,MÉLENCHON,13559
56,MÉLENCHON,84200
57,MÉLENCHON,100159
58,MÉLENCHON,19930
59,MÉLENCHON,279785
60,MÉLENCHON,79446
61,MÉLENCHON,22993
62,MÉLENCHON,124741
63,MÉLENCHON,74534
64,MÉLENCHON,76030
65,MÉLENCHON,26449
66,MÉLENCHON,51556
67,MÉLENCHON,105055
68,MÉLENCHON,66238
69,MÉLENCHON,229036
70,MÉLENCHON,21089
71,MÉLENCHON,52336
72,MÉLENCHON,54244
73,MÉLENCHON,49858
74,MÉLENCHON,78062
75,MÉLENCHON,317372
76,MÉLENCHON,136136
77,MÉLENCHON,170969
78,MÉLENCHON,168585
79,MÉLENCHON,39120
80,MÉLENCHON,52343
81,MÉLENCHON,48430
82,MÉLENCHON,27881
83,MÉLENCHON,89272
84,MÉLENCHON,63049
85,MÉLENCHON,60524
86,MÉLENCHON,49162
87,MÉLENCHON,43137
88,MÉLENCHON,32655
89,MÉLENCHON,31601
90,MÉLENCHON,14601
91,MÉLENCHON,167310
92,MÉLENCHON,199640
93,MÉLENCHON,266632
94,MÉLENCHON,192427
95,MÉLENCHON,175666
971,MÉLENCHON,75862
972,MÉLENCHON,65292
973,MÉLENCHON,18143
974,MÉLENCHON,139604
976,MÉLENCHON,8398
988,MÉLENCHON,9711
987,MÉLENCHON,7990
975,MÉLENCHON,1105
986,MÉLENCHON,501
977_978,MÉLENCHON,2354
fr_etranger,MÉLENCHON,109394
01,HIDALGO,5644
02,HIDALGO,2983
03,HIDALGO,3280
04,HIDALGO,1396
05,HIDALGO,1459
06,HIDALGO,5414
07,HIDALGO,4189
08,HIDALGO,1741
09,HIDALGO,3208
10,HIDALGO,1720
11,HIDALGO,6166
12,HIDALGO,4470
13,HIDALGO,11760
14,HIDALGO,6848
15,HIDALGO,1810
16,HIDALGO,4003
17,HIDALGO,6857
18,HIDALGO,2585
19,HIDALGO,3605
2A,HIDALGO,624
2B,HIDALGO,959
21,HIDALGO,5126
22,HIDALGO,8279
23,HIDALGO,1641
24,HIDALGO,5362
25,HIDALGO,4902
26,HIDALGO,5311
27,HIDALGO,4027
28,HIDALGO,3076
29,HIDALGO,13077
30,HIDALGO,6585
31,HIDALGO,19658
32,HIDALGO,3861
33,HIDALGO,19598
34,HIDALGO,12150
35,HIDALGO,13973
36,HIDALGO,2464
37,HIDALGO,6216
38,HIDALGO,12736
39,HIDALGO,2635
40,HIDALGO,9071
41,HIDALGO,3165
42,HIDALGO,6970
43,HIDALGO,2491
44,HIDALGO,18369
45,HIDALGO,5656
46,HIDALGO,2766
47,HIDALGO,3357
48,HIDALGO,1045
49,HIDALGO,8801
50,HIDALGO,5853
51,HIDALGO,3542
52,HIDALGO,1305
53,HIDALGO,3468
54,HIDALGO,6362
55,HIDALGO,1483
56,HIDALGO,8267
57,HIDALGO,7534
58,HIDALGO,2160
59,HIDALGO,18215
60,HIDALGO,4251
61,HIDALGO,2368
62,HIDALGO,11619
63,HIDALGO,8216
64,HIDALGO,9276
65,HIDALGO,3315
66,HIDALGO,5013
67,HIDALGO,8348
68,HIDALGO,4881
69,HIDALGO,15895
70,HIDALGO,2345
71,HIDALGO,6037
72,HIDALGO,5409
73,HIDALGO,4418
74,HIDALGO,6606
75,HIDALGO,22901
76,HIDALGO,11139
77,HIDALGO,7853
78,HIDALGO,9046
79,HIDALGO,4340
80,HIDALGO,3746
81,HIDALGO,5818
82,HIDALGO,3069
83,HIDALGO,5703
84,HIDALGO,3769
85,HIDALGO,7244
86,HIDALGO,4542
87,HIDALGO,5654
88,HIDALGO,3114
89,HIDALGO,2286
90,HIDALGO,1052
91,HIDALGO,7944
92,HIDALGO,10518
93,HIDALGO,5890
94,HIDALGO,8276
95,HIDALGO,6094
971,HIDALGO,2266
972,HIDALGO,3935
973,HIDALGO,535
974,HIDALGO,5549
976,HIDALGO,318
988,HIDALGO,963
987,HIDALGO,865
975,HIDALGO,75
986,HIDALGO,118
977_978,HIDALGO,92
fr_etranger,HIDALGO,12489
01,JADOT,15843
02,JADOT,7074
03,JADOT,5982
04,JADOT,3957
05,JADOT,5013
06,JADOT,23374
07,JADOT,8544
08,JADOT,3446
09,JADOT,3020
10,JADOT,4619
11,JADOT,6322
12,JADOT,6746
13,JADOT,42109
14,JADOT,19621
15,JADOT,2751
16,JADOT,7557
17,JADOT,19012
18,JADOT,5028
19,JADOT,5040
2A,JADOT,2266
2B,JADOT,2520
21,JADOT,13462
22,JADOT,19349
23,JADOT,1906
24,JADOT,8563
25,JADOT,13096
26,JADOT,14234
27,JADOT,11477
28,JADOT,7904
29,JADOT,33200
30,JADOT,14974
31,JADOT,42599
32,JADOT,4090
33,JADOT,46677
34,JADOT,28057
35,JADOT,42613
36,JADOT,3726
37,JADOT,16245
38,JADOT,40378
39,JADOT,6388
40,JADOT,8628
41,JADOT,7097
42,JADOT,16656
43,JADOT,5796
44,JADOT,60072
45,JADOT,14401
46,JADOT,4603
47,JADOT,5686
48,JADOT,1736
49,JADOT,26635
50,JADOT,11873
51,JADOT,9561
52,JADOT,2580
53,JADOT,7934
54,JADOT,14588
55,JADOT,3130
56,JADOT,27036
57,JADOT,18931
58,JADOT,3552
59,JADOT,46962
60,JADOT,13785
61,JADOT,5513
62,JADOT,19295
63,JADOT,17029
64,JADOT,19967
65,JADOT,4872
66,JADOT,8588
67,JADOT,28573
68,JADOT,18963
69,JADOT,51907
70,JADOT,4292
71,JADOT,10730
72,JADOT,13541
73,JADOT,15642
74,JADOT,29948
75,JADOT,80268
76,JADOT,24785
77,JADOT,26718
78,JADOT,40470
79,JADOT,10074
80,JADOT,8048
81,JADOT,8680
82,JADOT,4835
83,JADOT,21044
84,JADOT,12128
85,JADOT,19753
86,JADOT,10727
87,JADOT,7877
88,JADOT,7562
89,JADOT,5917
90,JADOT,2798
91,JADOT,29562
92,JADOT,47103
93,JADOT,19352
94,JADOT,31904
95,JADOT,20710
971,JADOT,1927
972,JADOT,1978
973,JADOT,940
974,JADOT,7994
976,JADOT,295
988,JADOT,2161
987,JADOT,2150
975,JADOT,116
986,JADOT,72
977_978,JADOT,247
fr_etranger,JADOT,40774
01,PÉCRESSE,17572
02,PÉCRESSE,10920
03,PÉCRESSE,10319
04,PÉCRESSE,3834
05,PÉCRESSE,4511
06,PÉCRESSE,31260
07,PÉCRESSE,9553
08,PÉCRESSE,5556
09,PÉCRESSE,2724
10,PÉCRESSE,8923
11,PÉCRESSE,7350
12,PÉCRESSE,9988
13,PÉCRESSE,36229
14,PÉCRESSE,18383
15,PÉCRESSE,6987
16,PÉCRESSE,8343
17,PÉCRESSE,19316
18,PÉCRESSE,8147
19,PÉCRESSE,12278
2A,PÉCRESSE,3772
2B,PÉCRESSE,5555
21,PÉCRESSE,14344
22,PÉCRESSE,17235
23,PÉCRESSE,4391
24,PÉCRESSE,11280
25,PÉCRESSE,15107
26,PÉCRESSE,13204
27,PÉCRESSE,13552
28,PÉCRESSE,13003
29,PÉCRESSE,26541
30,PÉCRESSE,15460
31,PÉCRESSE,27153
32,PÉCRESSE,5126
33,PÉCRESSE,37575
34,PÉCRESSE,23230
35,PÉCRESSE,26194
36,PÉCRESSE,6589
37,PÉCRESSE,16279
38,PÉCRESSE,28575
39,PÉCRESSE,7424
40,PÉCRESSE,10393
41,PÉCRESSE,9586
42,PÉCRESSE,18539
43,PÉCRESSE,9560
44,PÉCRESSE,37541
45,PÉCRESSE,18086
46,PÉCRESSE,5648
47,PÉCRESSE,7703
48,PÉCRESSE,3039
49,PÉCRESSE,21538
50,PÉCRESSE,14746
51,PÉCRESSE,14357
52,PÉCRESSE,4841
53,PÉCRESSE,9236
54,PÉCRESSE,13387
55,PÉCRESSE,4403
56,PÉCRESSE,22838
57,PÉCRESSE,19300
58,PÉCRESSE,5172
59,PÉCRESSE,42470
60,PÉCRESSE,17450
61,PÉCRESSE,8838
62,PÉCRESSE,25307
63,PÉCRESSE,17352
64,PÉCRESSE,17166
65,PÉCRESSE,4560
66,PÉCRESSE,8815
67,PÉCRESSE,24812
68,PÉCRESSE,15994
69,PÉCRESSE,50263
70,PÉCRESSE,6754
71,PÉCRESSE,15210
72,PÉCRESSE,15937
73,PÉCRESSE,13608
74,PÉCRESSE,22349
75,PÉCRESSE,69564
76,PÉCRESSE,24281
77,PÉCRESSE,36828
78,PÉCRESSE,61296
79,PÉCRESSE,9257
80,PÉCRESSE,11380
81,PÉCRESSE,10014
82,PÉCRESSE,5994
83,PÉCRESSE,28342
84,PÉCRESSE,11918
85,PÉCRESSE,22534
86,PÉCRESSE,9959
87,PÉCRESSE,9544
88,PÉCRESSE,9344
89,PÉCRESSE,9322
90,PÉCRESSE,3322
91,PÉCRESSE,33046
92,PÉCRESSE,62231
93,PÉCRESSE,17481
94,PÉCRESSE,32522
95,PÉCRESSE,26403
971,PÉCRESSE,3979
972,PÉCRESSE,4731
973,PÉCRESSE,997
974,PÉCRESSE,9738
976,PÉCRESSE,2810
988,PÉCRESSE,4144
987,PÉCRESSE,4725
975,PÉCRESSE,51
986,PÉCRESSE,1354
977_978,PÉCRESSE,354
fr_etranger,PÉCRESSE,20956
01,POUTOU,2172
02,POUTOU,2118
03,POUTOU,1503
04,POUTOU,865
05,POUTOU,801
06,POUTOU,2989
07,POUTOU,1817
08,POUTOU,1112
09,POUTOU,723
10,POUTOU,1062
11,POUTOU,1748
12,POUTOU,1354
13,POUTOU,5963
14,POUTOU,3764
15,POUTOU,650
16,POUTOU,1763
17,POUTOU,3403
18,POUTOU,1463
19,POUTOU,1179
2A,POUTOU,608
2B,POUTOU,762
21,POUTOU,2286
22,POUTOU,3895
23,POUTOU,665
24,POUTOU,2223
25,POUTOU,2345
26,POUTOU,2109
27,POUTOU,2710
28,POUTOU,1766
29,POUTOU,6266
30,POUTOU,2706
31,POUTOU,4888
32,POUTOU,793
33,POUTOU,8734
34,POUTOU,4393
35,POUTOU,5376
36,POUTOU,1155
37,POUTOU,2882
38,POUTOU,4826
39,POUTOU,1343
40,POUTOU,1975
41,POUTOU,1527
42,POUTOU,2767
43,POUTOU,1205
44,POUTOU,7280
45,POUTOU,2433
46,POUTOU,976
47,POUTOU,1437
48,POUTOU,426
49,POUTOU,3663
50,POUTOU,2720
51,POUTOU,1894
52,POUTOU,747
53,POUTOU,1372
54,POUTOU,3214
55,POUTOU,883
56,POUTOU,4376
57,POUTOU,4343
58,POUTOU,1010
59,POUTOU,8265
60,POUTOU,3048
61,POUTOU,1334
62,POUTOU,5488
63,POUTOU,3189
64,POUTOU,4982
65,POUTOU,1003
66,POUTOU,1995
67,POUTOU,4158
68,POUTOU,2842
69,POUTOU,5267
70,POUTOU,1295
71,POUTOU,2369
72,POUTOU,2505
73,POUTOU,1849
74,POUTOU,3232
75,POUTOU,5732
76,POUTOU,5477
77,POUTOU,4600
78,POUTOU,3963
79,POUTOU,2134
80,POUTOU,2206
81,POUTOU,1829
82,POUTOU,1057
83,POUTOU,3578
84,POUTOU,2023
85,POUTOU,3621
86,POUTOU,2315
87,POUTOU,1787
88,POUTOU,1986
89,POUTOU,1487
90,POUTOU,603
91,POUTOU,4306
92,POUTOU,3704
93,POUTOU,3663
94,POUTOU,3730
95,POUTOU,3352
971,POUTOU,713
972,POUTOU,977
973,POUTOU,462
974,POUTOU,2705
976,POUTOU,328
988,POUTOU,560
987,POUTOU,451
975,POUTOU,50
986,POUTOU,48
977_978,POUTOU,63
fr_etranger,POUTOU,3145
01,DUPONT-AIGNAN,8998
02,DUPONT-AIGNAN,5790
03,DUPONT-AIGNAN,4216
04,DUPONT-AIGNAN,2504
05,DUPONT-AIGNAN,2142
06,DUPONT-AIGNAN,13307
07,DUPONT-AIGNAN,4927
08,DUPONT-AIGNAN,2957
09,DUPONT-AIGNAN,1621
10,DUPONT-AIGNAN,3966
11,DUPONT-AIGNAN,4206
12,DUPONT-AIGNAN,3477
13,DUPONT-AIGNAN,20051
14,DUPONT-AIGNAN,7920
15,DUPONT-AIGNAN,1547
16,DUPONT-AIGNAN,4345
17,DUPONT-AIGNAN,9289
18,DUPONT-AIGNAN,3770
19,DUPONT-AIGNAN,2618
2A,DUPONT-AIGNAN,1215
2B,DUPONT-AIGNAN,1374
21,DUPONT-AIGNAN,6478
22,DUPONT-AIGNAN,6404
23,DUPONT-AIGNAN,1556
24,DUPONT-AIGNAN,5416
25,DUPONT-AIGNAN,7775
26,DUPONT-AIGNAN,7758
27,DUPONT-AIGNAN,7563
28,DUPONT-AIGNAN,5731
29,DUPONT-AIGNAN,8566
30,DUPONT-AIGNAN,8137
31,DUPONT-AIGNAN,12443
32,DUPONT-AIGNAN,2418
33,DUPONT-AIGNAN,15693
34,DUPONT-AIGNAN,11475
35,DUPONT-AIGNAN,10560
36,DUPONT-AIGNAN,2886
37,DUPONT-AIGNAN,7271
38,DUPONT-AIGNAN,14327
39,DUPONT-AIGNAN,4143
40,DUPONT-AIGNAN,4914
41,DUPONT-AIGNAN,4427
42,DUPONT-AIGNAN,9029
43,DUPONT-AIGNAN,3366
44,DUPONT-AIGNAN,14779
45,DUPONT-AIGNAN,7674
46,DUPONT-AIGNAN,2400
47,DUPONT-AIGNAN,3912
48,DUPONT-AIGNAN,913
49,DUPONT-AIGNAN,9420
50,DUPONT-AIGNAN,6886
51,DUPONT-AIGNAN,6159
52,DUPONT-AIGNAN,2584
53,DUPONT-AIGNAN,3858
54,DUPONT-AIGNAN,7271
55,DUPONT-AIGNAN,2422
56,DUPONT-AIGNAN,9586
57,DUPONT-AIGNAN,12651
58,DUPONT-AIGNAN,2495
59,DUPONT-AIGNAN,20617
60,DUPONT-AIGNAN,9393
61,DUPONT-AIGNAN,3826
62,DUPONT-AIGNAN,13970
63,DUPONT-AIGNAN,6922
64,DUPONT-AIGNAN,6721
65,DUPONT-AIGNAN,2409
66,DUPONT-AIGNAN,5209
67,DUPONT-AIGNAN,17009
68,DUPONT-AIGNAN,13745
69,DUPONT-AIGNAN,16487
70,DUPONT-AIGNAN,3640
71,DUPONT-AIGNAN,7745
72,DUPONT-AIGNAN,6494
73,DUPONT-AIGNAN,6694
74,DUPONT-AIGNAN,14175
75,DUPONT-AIGNAN,9591
76,DUPONT-AIGNAN,12365
77,DUPONT-AIGNAN,15042
78,DUPONT-AIGNAN,13097
79,DUPONT-AIGNAN,4531
80,DUPONT-AIGNAN,5616
81,DUPONT-AIGNAN,5123
82,DUPONT-AIGNAN,3412
83,DUPONT-AIGNAN,15286
84,DUPONT-AIGNAN,6896
85,DUPONT-AIGNAN,9664
86,DUPONT-AIGNAN,5095
87,DUPONT-AIGNAN,3555
88,DUPONT-AIGNAN,6152
89,DUPONT-AIGNAN,4594
90,DUPONT-AIGNAN,1821
91,DUPONT-AIGNAN,15203
92,DUPONT-AIGNAN,9743
93,DUPONT-AIGNAN,6300
94,DUPONT-AIGNAN,9359
95,DUPONT-AIGNAN,8996
971,DUPONT-AIGNAN,2114
972,DUPONT-AIGNAN,2989
973,DUPONT-AIGNAN,717
974,DUPONT-AIGNAN,8338
976,DUPONT-AIGNAN,530
988,DUPONT-AIGNAN,2697
987,DUPONT-AIGNAN,1969
975,DUPONT-AIGNAN,82
986,DUPONT-AIGNAN,244
977_978,DUPONT-AIGNAN,339
fr_etranger,DUPONT-AIGNAN,7074
01,abstentions,97541
02,abstentions,101089
03,abstentions,58497
04,abstentions,29290
05,abstentions,25357
06,abstentions,208250
07,abstentions,54114
08,abstentions,49368
09,abstentions,25028
10,abstentions,52384
11,abstentions,62972
12,abstentions,43833
13,abstentions,383816
14,abstentions,117799
15,abstentions,25019
16,abstentions,59909
17,abstentions,116437
18,abstentions,59808
19,abstentions,38430
2A,abstentions,42366
2B,abstentions,48263
21,abstentions,77886
22,abstentions,96597
23,abstentions,21967
24,abstentions,64856
25,abstentions,84117
26,abstentions,84289
27,abstentions,106463
28,abstentions,78960
29,abstentions,154870
30,abstentions,132723
31,abstentions,183366
32,abstentions,28267
33,abstentions,249014
34,abstentions,195766
35,abstentions,161427
36,abstentions,41406
37,abstentions,105536
38,abstentions,198676
39,abstentions,41634
40,abstentions,65654
41,abstentions,59350
42,abstentions,118592
43,abstentions,37000
44,abstentions,236339
45,abstentions,114468
46,abstentions,27164
47,abstentions,52907
48,abstentions,11680
49,abstentions,136866
50,abstentions,93460
51,abstentions,101010
52,abstentions,33273
53,abstentions,52812
54,abstentions,130919
55,abstentions,34092
56,abstentions,130520
57,abstentions,210299
58,abstentions,38850
59,abstentions,514033
60,abstentions,142081
61,abstentions,50935
62,abstentions,286319
63,abstentions,100869
64,abstentions,110134
65,abstentions,39595
66,abstentions,87704
67,abstentions,190224
68,abstentions,137861
69,abstentions,255580
70,abstentions,39039
71,abstentions,95369
72,abstentions,105454
73,abstentions,68929
74,abstentions,129384
75,abstentions,296668
76,abstentions,222147
77,abstentions,223172
78,abstentions,211708
79,abstentions,59403
80,abstentions,102687
81,abstentions,62818
82,abstentions,39625
83,abstentions,211212
84,abstentions,101650
85,abstentions,120547
86,abstentions,68304
87,abstentions,55484
88,abstentions,68914
89,abstentions,57549
90,abstentions,22238
91,abstentions,192200
92,abstentions,208790
93,abstentions,239927
94,abstentions,195409
95,abstentions,192853
971,abstentions,174592
972,abstentions,174588
973,abstentions,65754
974,abstentions,313159
976,abstentions,55024
988,abstentions,145807
987,abstentions,142121
975,abstentions,2272
986,abstentions,4125
977_978,abstentions,15812
fr_etranger,abstentions,931455
01,blancs,5641
02,blancs,3767
03,blancs,3749
04,blancs,1478
05,blancs,1395
06,blancs,7550
07,blancs,3311
08,blancs,1909
09,blancs,1532
10,blancs,2339
11,blancs,2962
12,blancs,3079
13,blancs,13341
14,blancs,5547
15,blancs,1803
16,blancs,3293
17,blancs,5918
18,blancs,3146
19,blancs,2517
2A,blancs,1130
2B,blancs,1463
21,blancs,4577
22,blancs,5722
23,blancs,1388
24,blancs,3636
25,blancs,4989
26,blancs,4577
27,blancs,5085
28,blancs,3489
29,blancs,8692
30,blancs,5840
31,blancs,10129
32,blancs,1762
33,blancs,12367
34,blancs,8867
35,blancs,9511
36,blancs,2451
37,blancs,5437
38,blancs,10990
39,blancs,2625
40,blancs,4033
41,blancs,3181
42,blancs,6664
43,blancs,2837
44,blancs,13373
45,blancs,5512
46,blancs,1767
47,blancs,2793
48,blancs,741
49,blancs,8072
50,blancs,4747
51,blancs,3826
52,blancs,1489
53,blancs,3483
54,blancs,5092
55,blancs,1509
56,blancs,7959
57,blancs,7943
58,blancs,1957
59,blancs,17416
60,blancs,6324
61,blancs,2586
62,blancs,10601
63,blancs,6938
64,blancs,5816
65,blancs,2064
66,blancs,3528
67,blancs,8335
68,blancs,6382
69,blancs,12708
70,blancs,2364
71,blancs,5923
72,blancs,6694
73,blancs,3931
74,blancs,6918
75,blancs,11028
76,blancs,10982
77,blancs,11057
78,blancs,9601
79,blancs,3839
80,blancs,4837
81,blancs,3451
82,blancs,2169
83,blancs,7803
84,blancs,4350
85,blancs,7312
86,blancs,4053
87,blancs,3787
88,blancs,3431
89,blancs,2715
90,blancs,1242
91,blancs,8954
92,blancs,11841
93,blancs,7607
94,blancs,8501
95,blancs,8027
971,blancs,2719
972,blancs,4001
973,blancs,825
974,blancs,7361
976,blancs,922
988,blancs,1777
987,blancs,1490
975,blancs,47
986,blancs,27
977_978,blancs,150
fr_etranger,blancs,3193
01,nuls,1903
02,nuls,2828
03,nuls,1790
04,nuls,624
05,nuls,532
06,nuls,4007
07,nuls,1459
08,nuls,984
09,nuls,775
10,nuls,1158
11,nuls,1567
12,nuls,1654
13,nuls,5407
14,nuls,2571
15,nuls,821
16,nuls,1740
17,nuls,2780
18,nuls,1083
19,nuls,1485
2A,nuls,1561
2B,nuls,877
21,nuls,1651
22,nuls,3040
23,nuls,743
24,nuls,3120
25,nuls,2176
26,nuls,1898
27,nuls,1789
28,nuls,1418
29,nuls,3220
30,nuls,2496
31,nuls,5847
32,nuls,850
33,nuls,5147
34,nuls,4004
35,nuls,3866
36,nuls,1246
37,nuls,2039
38,nuls,3478
39,nuls,1111
40,nuls,1600
41,nuls,1377
42,nuls,2600
43,nuls,1214
44,nuls,4559
45,nuls,2148
46,nuls,957
47,nuls,1502
48,nuls,395
49,nuls,2983
50,nuls,1948
51,nuls,1702
52,nuls,819
53,nuls,1519
54,nuls,2246
55,nuls,691
56,nuls,3119
57,nuls,3353
58,nuls,938
59,nuls,7676
60,nuls,4002
61,nuls,1067
62,nuls,6150
63,nuls,2709
64,nuls,2489
65,nuls,896
66,nuls,2276
67,nuls,3434
68,nuls,2386
69,nuls,3925
70,nuls,1573
71,nuls,2400
72,nuls,2098
73,nuls,1491
74,nuls,2224
75,nuls,5267
76,nuls,3158
77,nuls,4145
78,nuls,3430
79,nuls,2168
80,nuls,3614
81,nuls,2067
82,nuls,1092
83,nuls,3159
84,nuls,1742
85,nuls,3395
86,nuls,2002
87,nuls,2353
88,nuls,1874
89,nuls,1182
90,nuls,590
91,nuls,3405
92,nuls,2294
93,nuls,3244
94,nuls,3118
95,nuls,3064
971,nuls,3627
972,nuls,3056
973,nuls,553
974,nuls,8253
976,nuls,1191
988,nuls,689
987,nuls,1935
975,nuls,25
986,nuls,17
977_978,nuls,84
fr_etranger,nuls,2147
